use,clip_id,title,date,creator_collection,source_url,file_url,license,rights_statement_quoted,date_accessed,source_in,source_out,film_in,film_out,where_in_film
footage,dv_1011605,Flyer Supercomputer Ribbon Cutting,06.18.2026,Air Force Research Laboratory (via DVIDS),https://www.dvidshub.net/video/1011605,https://d34w7g4gy10iej.cloudfront.net/video/2606/DOD_111785876/DOD_111785876.mp4,"Public domain (U.S. Government work, DVIDS)","DVIDS item page: ""PUBLIC DOMAIN"". ""This work ... identified by DVIDS, must comply with the restrictions shown on https://www.dvidshub.net/about/copyright."" Those terms: ""In general, DoW VI that are works of authorship prepared by U.S. Government employees as part of their official duties are not eligible for copyright protection in the United States."" Use must not imply DoD endorsement (notice on the end card); insignia, tail numbers and name tapes are cropped or blurred where they would read.",2026-09-28,01:42.200,01:43.537,00:00.000,00:01.670,picture: AI: glowing fibre in a supercomputer
footage,nasa_arc_supercomp,Ames Research Center Unveils New Modular Supercomputing Facility (B-roll),2019-08-21,NASA / Ames Research Center (NASA Advanced Supercomputing),https://images.nasa.gov/details/ARC-20190821-AAV3214-ModularSupercomputer-BRollResource-NASAWeb,https://images-assets.nasa.gov/video/ARC-20190821-AAV3214-ModularSupercomputer-BRollResource-NASAWeb/ARC-20190821-AAV3214-ModularSupercomputer-BRollResource-NASAWeb~orig.mp4,"Public domain (NASA, U.S. federal government work)","NASA Image and Video Library, NASA media usage guidelines: ""NASA content - images, audio, video, and computer files used in the rendition of 3-dimensional models ... - generally are not subject to copyright in the United States."" Work of the U.S. federal government (17 U.S.C. 105). NASA logos/insignia not used; no endorsement implied.",2026-09-28,03:09.600,03:10.665,00:01.670,00:03.000,"picture: AI: server boards, memory and cold plates"
footage,px_30810444,Aerial view of large scale construction site,,Toàn BDS (Pexels),https://www.pexels.com/video/aerial-view-of-large-scale-construction-site-30810444/,https://videos.pexels.com/video-files/30810444/13177939_3840_2160_60fps.mp4,Pexels License,"Pexels License (https://www.pexels.com/license/): ""All photos and videos on Pexels can be downloaded and used for free."" ""Attribution is not required."" Not allowed: selling unaltered copies, implying endorsement by identifiable people or brands shown, or redistributing on other stock platforms. Readable brand logos are cropped or blurred.",2026-09-28,00:00.000,00:01.337,00:03.000,00:04.670,"picture: how it gets built: steel frame going up, aerial"
footage,px_34831842,Aerial view of busy construction site operations,,TR Studio (Pexels),https://www.pexels.com/video/aerial-view-of-busy-construction-site-operations-34831842/,https://videos.pexels.com/video-files/34831842/14771225_1920_1080_24fps.mp4,Pexels License,"Pexels License (https://www.pexels.com/license/): ""All photos and videos on Pexels can be downloaded and used for free."" ""Attribution is not required."" Not allowed: selling unaltered copies, implying endorsement by identifiable people or brands shown, or redistributing on other stock platforms. Readable brand logos are cropped or blurred.",2026-09-28,00:10.000,00:11.331,00:04.670,00:06.000,"picture: built: concrete pour, pump booms"
footage,dv_882848,Fort Carson Minick Substation Insulators,03.15.2023,Fort Carson (U.S. Army) (via DVIDS),https://www.dvidshub.net/video/882848,https://d34w7g4gy10iej.cloudfront.net/video/2305/DOD_109627406/DOD_109627406.mp4,"Public domain (U.S. Government work, DVIDS)","DVIDS item page: ""PUBLIC DOMAIN"". ""This work ... identified by DVIDS, must comply with the restrictions shown on https://www.dvidshub.net/about/copyright."" Those terms: ""In general, DoW VI that are works of authorship prepared by U.S. Government employees as part of their official duties are not eligible for copyright protection in the United States."" Use must not imply DoD endorsement (notice on the end card); insignia, tail numbers and name tapes are cropped or blurred where they would read.",2026-09-28,00:02.000,00:03.065,00:06.000,00:07.330,picture: Transformers: HV bushings and radiator fins
footage,dv_787947,MCAS Miramar Powegrid B-Roll,09.24.2020,MCAS Miramar (USMC) (via DVIDS),https://www.dvidshub.net/video/787947,https://d34w7g4gy10iej.cloudfront.net/video/2103/DOD_108243087/DOD_108243087.mp4,"Public domain (U.S. Government work, DVIDS)","DVIDS item page: ""PUBLIC DOMAIN"". ""This work ... identified by DVIDS, must comply with the restrictions shown on https://www.dvidshub.net/about/copyright."" Those terms: ""In general, DoW VI that are works of authorship prepared by U.S. Government employees as part of their official duties are not eligible for copyright protection in the United States."" Use must not imply DoD endorsement (notice on the end card); insignia, tail numbers and name tapes are cropped or blurred where they would read.",2026-09-28,00:14.000,00:14.801,00:07.330,00:08.330,picture: Switchgear: medium-voltage lineup
footage,dv_900367,Fort Stewart ups energy efficiency to lower power bill,10.11.2023,"Kevin Larson, Fort Stewart Public Affairs Office (via DVIDS)",https://www.dvidshub.net/video/900367,https://d34w7g4gy10iej.cloudfront.net/video/2310/DOD_109936696/DOD_109936696.mp4,"Public domain (U.S. Government work, DVIDS)","DVIDS item page: ""PUBLIC DOMAIN"". ""This work ... identified by DVIDS, must comply with the restrictions shown on https://www.dvidshub.net/about/copyright."" Those terms: ""In general, DoW VI that are works of authorship prepared by U.S. Government employees as part of their official duties are not eligible for copyright protection in the United States."" Use must not imply DoD endorsement (notice on the end card); insignia, tail numbers and name tapes are cropped or blurred where they would read.",2026-09-28,01:41.000,01:41.800,00:08.330,00:09.330,picture: Chillers: central energy plant chiller hall (markings blurred)
footage,nasa_arc_supercomp,Ames Research Center Unveils New Modular Supercomputing Facility (B-roll),2019-08-21,NASA / Ames Research Center (NASA Advanced Supercomputing),https://images.nasa.gov/details/ARC-20190821-AAV3214-ModularSupercomputer-BRollResource-NASAWeb,https://images-assets.nasa.gov/video/ARC-20190821-AAV3214-ModularSupercomputer-BRollResource-NASAWeb/ARC-20190821-AAV3214-ModularSupercomputer-BRollResource-NASAWeb~orig.mp4,"Public domain (NASA, U.S. federal government work)","NASA Image and Video Library, NASA media usage guidelines: ""NASA content - images, audio, video, and computer files used in the rendition of 3-dimensional models ... - generally are not subject to copyright in the United States."" Work of the U.S. federal government (17 U.S.C. 105). NASA logos/insignia not used; no endorsement implied.",2026-09-28,01:19.600,01:20.401,00:09.330,00:10.330,picture: Racks: rows of supercomputer racks
footage,dv_1007228,Steel Worker b-roll,05.16.2026,U.S. Navy (via DVIDS),https://www.dvidshub.net/video/1007228,https://d34w7g4gy10iej.cloudfront.net/video/2605/DOD_111710022/DOD_111710022.mp4,"Public domain (U.S. Government work, DVIDS)","DVIDS item page: ""PUBLIC DOMAIN"". ""This work ... identified by DVIDS, must comply with the restrictions shown on https://www.dvidshub.net/about/copyright."" Those terms: ""In general, DoW VI that are works of authorship prepared by U.S. Government employees as part of their official duties are not eligible for copyright protection in the United States."" Use must not imply DoD endorsement (notice on the end card); insignia, tail numbers and name tapes are cropped or blurred where they would read.",2026-09-28,00:02.000,00:03.341,00:10.330,00:11.670,picture: built: glowing steel slab in a mill
footage,px_37287417,Aerial view of cargo ship sailing at sea,,Burnard Media (Pexels),https://www.pexels.com/video/aerial-view-of-cargo-ship-sailing-at-sea-37287417/,https://videos.pexels.com/video-files/37287417/15795926_1920_1080_60fps.mp4,Pexels License,"Pexels License (https://www.pexels.com/license/): ""All photos and videos on Pexels can be downloaded and used for free."" ""Attribution is not required."" Not allowed: selling unaltered copies, implying endorsement by identifiable people or brands shown, or redistributing on other stock platforms. Readable brand logos are cropped or blurred.",2026-09-28,00:05.000,00:05.881,00:11.670,00:12.770,picture: three continents: container ship on open ocean
footage,px_30810696,Aerial view of large construction site project,,Toàn BDS (Pexels),https://www.pexels.com/video/aerial-view-of-large-construction-site-project-30810696/,https://videos.pexels.com/video-files/30810696/13178163_3840_2160_60fps.mp4,Pexels License,"Pexels License (https://www.pexels.com/license/): ""All photos and videos on Pexels can be downloaded and used for free."" ""Attribution is not required."" Not allowed: selling unaltered copies, implying endorsement by identifiable people or brands shown, or redistributing on other stock platforms. Readable brand logos are cropped or blurred.",2026-09-28,00:00.000,00:01.249,00:12.770,00:14.330,"picture: one site: one mega construction site, aerial"
footage,px_19912008,Inside of commercial building,,Advancer Drones (Pexels),https://www.pexels.com/video/inside-of-commercial-building-19912008/,https://videos.pexels.com/video-files/19912008/19912008-uhd_3840_2160_24fps.mp4,Pexels License,"Pexels License (https://www.pexels.com/license/): ""All photos and videos on Pexels can be downloaded and used for free."" ""Attribution is not required."" Not allowed: selling unaltered copies, implying endorsement by identifiable people or brands shown, or redistributing on other stock platforms. Readable brand logos are cropped or blurred.",2026-09-28,00:04.000,00:05.141,00:14.330,00:15.470,picture: one missing part: empty hall
footage,px_35168445,Dramatic skyline with power lines at twilight,,Sandeep Solanki (Pexels),https://www.pexels.com/video/dramatic-skyline-with-power-lines-at-twilight-35168445/,https://videos.pexels.com/video-files/35168445/14897991_3840_2160_30fps.mp4,Pexels License,"Pexels License (https://www.pexels.com/license/): ""All photos and videos on Pexels can be downloaded and used for free."" ""Attribution is not required."" Not allowed: selling unaltered copies, implying endorsement by identifiable people or brands shown, or redistributing on other stock platforms. Readable brand logos are cropped or blurred.",2026-09-28,00:00.000,00:02.024,00:15.470,00:18.000,picture: a gigawatt sits dark: power lines at dusk
footage,px_30528148,Industrial power plant at sunrise,,Selim Karadayı (Pexels),https://www.pexels.com/video/industrial-power-plant-at-sunrise-30528148/,https://videos.pexels.com/video-files/30528148/13077004_3840_2160_30fps.mp4,Pexels License,"Pexels License (https://www.pexels.com/license/): ""All photos and videos on Pexels can be downloaded and used for free."" ""Attribution is not required."" Not allowed: selling unaltered copies, implying endorsement by identifiable people or brands shown, or redistributing on other stock platforms. Readable brand logos are cropped or blurred.",2026-09-28,00:00.000,00:01.602,00:18.000,00:20.000,picture: just the start: industry at sunrise
footage,dv_919537,AIM Photonics — American Institute for Manufacturing Integrated Photonics,05.01.2019,DoD Manufacturing Innovation Institutes / AIM Photonics (via DVIDS),https://www.dvidshub.net/video/919537,https://d34w7g4gy10iej.cloudfront.net/video/2404/DOD_110240482/DOD_110240482.mp4,"Public domain (U.S. Government work, DVIDS)","DVIDS item page: ""PUBLIC DOMAIN"". ""This work ... identified by DVIDS, must comply with the restrictions shown on https://www.dvidshub.net/about/copyright."" Those terms: ""In general, DoW VI that are works of authorship prepared by U.S. Government employees as part of their official duties are not eligible for copyright protection in the United States."" Use must not imply DoD endorsement (notice on the end card); insignia, tail numbers and name tapes are cropped or blurred where they would read.",2026-09-28,00:46.000,00:47.051,00:20.000,00:21.050,picture: Chip fabs: bunny suits in a yellow-light cleanroom
footage,px_29491854,Cooling towers in autumn landscape at sunset,,Darina Evstafeva (Pexels),https://www.pexels.com/video/cooling-towers-in-autumn-landscape-at-sunset-29491854/,https://videos.pexels.com/video-files/29491854/12694533_3840_2160_24fps.mp4,Pexels License,"Pexels License (https://www.pexels.com/license/): ""All photos and videos on Pexels can be downloaded and used for free."" ""Attribution is not required."" Not allowed: selling unaltered copies, implying endorsement by identifiable people or brands shown, or redistributing on other stock platforms. Readable brand logos are cropped or blurred.",2026-09-28,00:00.000,00:01.051,00:21.050,00:22.100,picture: Power plants: cooling towers
footage,dv_973129,2CR Drone Building,08.06.2025,"2nd Cavalry Regiment, U.S. Army (via DVIDS)",https://www.dvidshub.net/video/973129,https://d34w7g4gy10iej.cloudfront.net/video/2508/DOD_111218525/DOD_111218525.mp4,"Public domain (U.S. Government work, DVIDS)","DVIDS item page: ""PUBLIC DOMAIN"". ""This work ... identified by DVIDS, must comply with the restrictions shown on https://www.dvidshub.net/about/copyright."" Those terms: ""In general, DoW VI that are works of authorship prepared by U.S. Government employees as part of their official duties are not eligible for copyright protection in the United States."" Use must not imply DoD endorsement (notice on the end card); insignia, tail numbers and name tapes are cropped or blurred where they would read.",2026-09-28,01:15.000,01:16.041,00:22.100,00:23.400,picture: Drone factories: completed drones on the floor
footage,dv_791069,WRAIR Pilot Bioproduction Facility Fill Finish B-Roll,01.13.2021,Walter Reed Army Institute of Research (WRAIR) (via DVIDS),https://www.dvidshub.net/video/791069,https://d34w7g4gy10iej.cloudfront.net/video/2104/DOD_108287591/DOD_108287591.mp4,"Public domain (U.S. Government work, DVIDS)","DVIDS item page: ""PUBLIC DOMAIN"". ""This work ... identified by DVIDS, must comply with the restrictions shown on https://www.dvidshub.net/about/copyright."" Those terms: ""In general, DoW VI that are works of authorship prepared by U.S. Government employees as part of their official duties are not eligible for copyright protection in the United States."" Use must not imply DoD endorsement (notice on the end card); insignia, tail numbers and name tapes are cropped or blurred where they would read.",2026-09-28,02:26.000,02:27.008,00:23.400,00:24.450,picture: Drug plants: sterile vial filling line
footage,dv_993151,Shipyard Workers Build U.S. Navy Ships at Ingalls Shipbuilding,01.05.2026,"U.S. Navy (Ingalls Shipbuilding, Pascagoula) (via DVIDS)",https://www.dvidshub.net/video/993151,https://d34w7g4gy10iej.cloudfront.net/video/2601/DOD_111482557/DOD_111482557.mp4,"Public domain (U.S. Government work, DVIDS)","DVIDS item page: ""PUBLIC DOMAIN"". ""This work ... identified by DVIDS, must comply with the restrictions shown on https://www.dvidshub.net/about/copyright."" Those terms: ""In general, DoW VI that are works of authorship prepared by U.S. Government employees as part of their official duties are not eligible for copyright protection in the United States."" Use must not imply DoD endorsement (notice on the end card); insignia, tail numbers and name tapes are cropped or blurred where they would read.",2026-09-28,04:52.300,04:53.351,00:24.450,00:25.500,picture: Shipyards: cranes over hulls at golden hour
footage,px_13680349,Drone video of cranes at a construction site in a rural area,,Mathias De Rivo (Pexels),https://www.pexels.com/video/drone-video-of-cranes-at-a-construction-site-in-a-rural-area-13680349/,https://videos.pexels.com/video-files/13680349/13680349-uhd_3840_2160_30fps.mp4,Pexels License,"Pexels License (https://www.pexels.com/license/): ""All photos and videos on Pexels can be downloaded and used for free."" ""Attribution is not required."" Not allowed: selling unaltered copies, implying endorsement by identifiable people or brands shown, or redistributing on other stock platforms. Readable brand logos are cropped or blurred.",2026-09-28,00:00.000,00:01.065,00:25.500,00:26.830,picture: biggest build: forest of tower cranes
footage,px_13680349,Drone video of cranes at a construction site in a rural area,,Mathias De Rivo (Pexels),https://www.pexels.com/video/drone-video-of-cranes-at-a-construction-site-in-a-rural-area-13680349/,https://videos.pexels.com/video-files/13680349/13680349-uhd_3840_2160_30fps.mp4,Pexels License,"Pexels License (https://www.pexels.com/license/): ""All photos and videos on Pexels can be downloaded and used for free."" ""Attribution is not required."" Not allowed: selling unaltered copies, implying endorsement by identifiable people or brands shown, or redistributing on other stock platforms. Readable brand logos are cropped or blurred.",2026-09-28,01:35.000,01:35.937,00:26.830,00:28.000,picture: biggest build: vast foundations from above
footage,dv_712740,Carderock Features: Welding Automation Lab,04.22.2019,Naval Surface Warfare Center Carderock Division (via DVIDS),https://www.dvidshub.net/video/712740,https://d34w7g4gy10iej.cloudfront.net/video/1910/DOD_107299858/DOD_107299858.mp4,"Public domain (U.S. Government work, DVIDS)","DVIDS item page: ""PUBLIC DOMAIN"". ""This work ... identified by DVIDS, must comply with the restrictions shown on https://www.dvidshub.net/about/copyright."" Those terms: ""In general, DoW VI that are works of authorship prepared by U.S. Government employees as part of their official duties are not eligible for copyright protection in the United States."" Use must not imply DoD endorsement (notice on the end card); insignia, tail numbers and name tapes are cropped or blurred where they would read.",2026-09-28,00:22.200,00:23.001,00:28.000,00:29.000,picture: builds fastest: robotic welding arc
footage,px_4468754,Pedestal shot of a car manufacturing facility,,Engin Altundağ (Pexels),https://www.pexels.com/video/pedestal-shot-of-a-car-manufacturing-facility-4468754/,https://videos.pexels.com/video-files/4468754/4468754-uhd_3840_2160_24fps.mp4,Pexels License,"Pexels License (https://www.pexels.com/license/): ""All photos and videos on Pexels can be downloaded and used for free."" ""Attribution is not required."" Not allowed: selling unaltered copies, implying endorsement by identifiable people or brands shown, or redistributing on other stock platforms. Readable brand logos are cropped or blurred.",2026-09-28,00:00.000,00:00.600,00:29.000,00:29.600,picture: fastest: robot line welding (markings blurred)
footage,px_6164052,Construction Time-lapse,,Site Engine (Pexels),https://www.pexels.com/video/time-lapse-of-building-under-construction-6164052/,https://videos.pexels.com/video-files/6164052/6164052-hd_1920_1080_30fps.mp4,Pexels License,"Pexels License (https://www.pexels.com/license/): ""All photos and videos on Pexels can be downloaded and used for free."" ""Attribution is not required."" Not allowed: selling unaltered copies, implying endorsement by identifiable people or brands shown, or redistributing on other stock platforms. Readable brand logos are cropped or blurred.",2026-09-28,00:00.000,00:01.121,00:29.600,00:31.000,"picture: fastest: structure rising, time-lapse"
footage,px_8961953,Aerial shot of heavy equipment driving on the road,,Swapnil Shiwalay (Pexels),https://www.pexels.com/video/aerial-shot-of-heavy-equipment-driving-on-the-road-8961953/,https://videos.pexels.com/video-files/8961953/8961953-hd_1920_1080_25fps.mp4,Pexels License,"Pexels License (https://www.pexels.com/license/): ""All photos and videos on Pexels can be downloaded and used for free."" ""Attribution is not required."" Not allowed: selling unaltered copies, implying endorsement by identifiable people or brands shown, or redistributing on other stock platforms. Readable brand logos are cropped or blurred.",2026-09-28,00:00.000,00:01.536,00:31.000,00:32.600,picture: until it arrives: heavy haul on a mountain road
footage,px_16035622,A crane is lifting a large metal box into a tunnel,,Sururi Ballıdağ Director (Pexels),https://www.pexels.com/video/a-crane-is-lifting-a-large-metal-box-into-a-tunnel-16035622/,https://videos.pexels.com/video-files/16035622/16035622-uhd_3840_2160_30fps.mp4,Pexels License,"Pexels License (https://www.pexels.com/license/): ""All photos and videos on Pexels can be downloaded and used for free."" ""Attribution is not required."" Not allowed: selling unaltered copies, implying endorsement by identifiable people or brands shown, or redistributing on other stock platforms. Readable brand logos are cropped or blurred.",2026-09-28,00:04.000,00:05.121,00:32.600,00:34.000,picture: arrives: crane sets a delivered unit
footage,px_30117914,Vintage desk with typewriter and papers,,utopia 36 (Pexels),https://www.pexels.com/video/vintage-desk-with-typewriter-and-papers-30117914/,https://videos.pexels.com/video-files/30117914/12916675_1920_1080_25fps.mp4,Pexels License,"Pexels License (https://www.pexels.com/license/): ""All photos and videos on Pexels can be downloaded and used for free."" ""Attribution is not required."" Not allowed: selling unaltered copies, implying endorsement by identifiable people or brands shown, or redistributing on other stock platforms. Readable brand logos are cropped or blurred.",2026-09-28,00:00.000,00:01.344,00:34.000,00:35.400,"picture: back office: desk, typewriter, papers"
footage,px_30117913,Person writing in dimly lit room with papers,,utopia 36 (Pexels),https://www.pexels.com/video/person-writing-in-dimly-lit-room-with-papers-30117913/,https://videos.pexels.com/video-files/30117913/12916697_1920_1080_25fps.mp4,Pexels License,"Pexels License (https://www.pexels.com/license/): ""All photos and videos on Pexels can be downloaded and used for free."" ""Attribution is not required."" Not allowed: selling unaltered copies, implying endorsement by identifiable people or brands shown, or redistributing on other stock platforms. Readable brand logos are cropped or blurred.",2026-09-28,00:10.000,00:11.536,00:35.400,00:37.000,picture: back office: signing paperwork
footage,dv_891556,"B-Roll - Port of Savannah, Cargo Operations",06.28.2023,Port of Savannah / Georgia Ports (DVIDS) (via DVIDS),https://www.dvidshub.net/video/891556,https://d34w7g4gy10iej.cloudfront.net/video/2307/DOD_109788761/DOD_109788761.mp4,"Public domain (U.S. Government work, DVIDS)","DVIDS item page: ""PUBLIC DOMAIN"". ""This work ... identified by DVIDS, must comply with the restrictions shown on https://www.dvidshub.net/about/copyright."" Those terms: ""In general, DoW VI that are works of authorship prepared by U.S. Government employees as part of their official duties are not eligible for copyright protection in the United States."" Use must not imply DoD endorsement (notice on the end card); insignia, tail numbers and name tapes are cropped or blurred where they would read.",2026-09-28,01:06.200,01:07.001,00:37.000,00:38.000,picture: front line: ship-to-shore crane lifts a box (markings blurred)
footage,px_35907909,Aerial night view of busy cargo port operations,,willy one (Pexels),https://www.pexels.com/video/aerial-night-view-of-busy-cargo-port-operations-35907909/,https://videos.pexels.com/video-files/35907909/15231497_3840_2160_25fps.mp4,Pexels License,"Pexels License (https://www.pexels.com/license/): ""All photos and videos on Pexels can be downloaded and used for free."" ""Attribution is not required."" Not allowed: selling unaltered copies, implying endorsement by identifiable people or brands shown, or redistributing on other stock platforms. Readable brand logos are cropped or blurred.",2026-09-28,00:00.000,00:01.920,00:38.000,00:40.000,"picture: front line: container port at night, aerial"
footage,dv_972803,A C-5M Super Galaxy taxis and takes off during exercise Bamboo Eagle 25-3 (B-Roll),08.03.2025,"Senior Airman Tyler A. P. Moody, USAF (via DVIDS)",https://www.dvidshub.net/video/972803,https://d34w7g4gy10iej.cloudfront.net/video/2508/DOD_111213284/DOD_111213284.mp4,"Public domain (U.S. Government work, DVIDS)","DVIDS item page: ""PUBLIC DOMAIN"". ""This work ... identified by DVIDS, must comply with the restrictions shown on https://www.dvidshub.net/about/copyright."" Those terms: ""In general, DoW VI that are works of authorship prepared by U.S. Government employees as part of their official duties are not eligible for copyright protection in the United States."" Use must not imply DoD endorsement (notice on the end card); insignia, tail numbers and name tapes are cropped or blurred where they would read.",2026-09-28,02:23.300,02:23.837,00:40.000,00:40.670,picture: Air: C-5M lifting off
footage,px_2943126,Aerial footage of a cargo ship at sea loaded with containers,,Alexander Bobrov (Pexels),https://www.pexels.com/video/aerial-footage-of-a-cargo-ship-at-sea-loaded-with-containers-2943126/,https://videos.pexels.com/video-files/2943126/2943126-uhd_3840_2160_24fps.mp4,Pexels License,"Pexels License (https://www.pexels.com/license/): ""All photos and videos on Pexels can be downloaded and used for free."" ""Attribution is not required."" Not allowed: selling unaltered copies, implying endorsement by identifiable people or brands shown, or redistributing on other stock platforms. Readable brand logos are cropped or blurred.",2026-09-28,00:00.000,00:00.751,00:40.670,00:41.420,picture: Ocean: container ship at sea
footage,px_18749847,Semi truck climbing a mountain on west coast in oregon,,Alex Kad (Pexels),https://www.pexels.com/video/semi-truck-climbing-a-mountain-on-west-coast-in-oregon-18749847/,https://videos.pexels.com/video-files/18749847/18749847-uhd_3840_2160_60fps.mp4,Pexels License,"Pexels License (https://www.pexels.com/license/): ""All photos and videos on Pexels can be downloaded and used for free."" ""Attribution is not required."" Not allowed: selling unaltered copies, implying endorsement by identifiable people or brands shown, or redistributing on other stock platforms. Readable brand logos are cropped or blurred.",2026-09-28,00:03.600,00:04.161,00:41.420,00:42.120,picture: Ground: semi on a desert highway at dusk
footage,dv_829370,CBP NII Inspections at the Port of Savannah,07.29.2021,Port of Savannah (DVIDS) (via DVIDS),https://www.dvidshub.net/video/829370,https://d34w7g4gy10iej.cloudfront.net/video/2201/DOD_108781925/DOD_108781925.mp4,"Public domain (U.S. Government work, DVIDS)","DVIDS item page: ""PUBLIC DOMAIN"". ""This work ... identified by DVIDS, must comply with the restrictions shown on https://www.dvidshub.net/about/copyright."" Those terms: ""In general, DoW VI that are works of authorship prepared by U.S. Government employees as part of their official duties are not eligible for copyright protection in the United States."" Use must not imply DoD endorsement (notice on the end card); insignia, tail numbers and name tapes are cropped or blurred where they would read.",2026-09-28,00:38.000,00:38.969,00:42.120,00:43.330,picture: Customs: non-intrusive inspection truck between containers (markings blurred)
footage,dv_891556,"B-Roll - Port of Savannah, Cargo Operations",06.28.2023,Port of Savannah / Georgia Ports (DVIDS) (via DVIDS),https://www.dvidshub.net/video/891556,https://d34w7g4gy10iej.cloudfront.net/video/2307/DOD_109788761/DOD_109788761.mp4,"Public domain (U.S. Government work, DVIDS)","DVIDS item page: ""PUBLIC DOMAIN"". ""This work ... identified by DVIDS, must comply with the restrictions shown on https://www.dvidshub.net/about/copyright."" Those terms: ""In general, DoW VI that are works of authorship prepared by U.S. Government employees as part of their official duties are not eligible for copyright protection in the United States."" Use must not imply DoD endorsement (notice on the end card); insignia, tail numbers and name tapes are cropped or blurred where they would read.",2026-09-28,03:25.000,03:27.138,00:43.330,00:46.000,picture: Built for the build: container hoisted against the sky (markings blurred)
footage,px_30524233,Container Terminal at Sunset,,Toàn BDS (Pexels),https://www.pexels.com/video/aerial-view-of-cai-mep-port-at-sunset-30524233/,https://videos.pexels.com/video-files/30524233/13076660_3840_2160_60fps.mp4,Pexels License,"Pexels License (https://www.pexels.com/license/): ""All photos and videos on Pexels can be downloaded and used for free."" ""Attribution is not required."" Not allowed: selling unaltered copies, implying endorsement by identifiable people or brands shown, or redistributing on other stock platforms. Readable brand logos are cropped or blurred.",2026-09-28,00:18.000,00:19.602,00:46.000,00:48.000,picture: breath: port at sunset
footage,dv_993144,Shipyard Workers Build U.S. Navy Ships at Austal USA,01.06.2026,"U.S. Navy (Austal USA, Mobile) (via DVIDS)",https://www.dvidshub.net/video/993144,https://d34w7g4gy10iej.cloudfront.net/video/2601/DOD_111482513/DOD_111482513.mp4,"Public domain (U.S. Government work, DVIDS)","DVIDS item page: ""PUBLIC DOMAIN"". ""This work ... identified by DVIDS, must comply with the restrictions shown on https://www.dvidshub.net/about/copyright."" Those terms: ""In general, DoW VI that are works of authorship prepared by U.S. Government employees as part of their official duties are not eligible for copyright protection in the United States."" Use must not imply DoD endorsement (notice on the end card); insignia, tail numbers and name tapes are cropped or blurred where they would read.",2026-09-28,00:08.100,00:09.431,00:48.000,00:49.330,picture: They build the future: grinder spark shower (markings blurred)
footage,px_33880927,Ironworkers on Steel Beams,,K (Pexels),https://www.pexels.com/video/aerial-view-of-construction-workers-on-steel-frame-33880927/,https://videos.pexels.com/video-files/33880927/14378496_3840_2160_24fps.mp4,Pexels License,"Pexels License (https://www.pexels.com/license/): ""All photos and videos on Pexels can be downloaded and used for free."" ""Attribution is not required."" Not allowed: selling unaltered copies, implying endorsement by identifiable people or brands shown, or redistributing on other stock platforms. Readable brand logos are cropped or blurred.",2026-09-28,00:06.000,00:07.341,00:49.330,00:50.670,picture: They build the future: ironworkers at height
footage,px_11041872,Drone footage of a cargo ship leaving newcastle harbour,,Lucius Crick (Pexels),https://www.pexels.com/video/drone-footage-of-a-cargo-ship-leaving-newcastle-harbour-11041872/,https://videos.pexels.com/video-files/11041872/11041872-hd_1920_1080_30fps.mp4,Pexels License,"Pexels License (https://www.pexels.com/license/): ""All photos and videos on Pexels can be downloaded and used for free."" ""Attribution is not required."" Not allowed: selling unaltered copies, implying endorsement by identifiable people or brands shown, or redistributing on other stock platforms. Readable brand logos are cropped or blurred.",2026-09-28,00:08.000,00:10.128,00:50.670,00:53.330,picture: We deliver it: ship heading out to sea
footage,px_35907889,Aerial view of shipping port at sunset,,willy one (Pexels),https://www.pexels.com/video/aerial-view-of-shipping-port-at-sunset-35907889/,https://videos.pexels.com/video-files/35907889/15231547_3840_2160_25fps.mp4,Pexels License,"Pexels License (https://www.pexels.com/license/): ""All photos and videos on Pexels can be downloaded and used for free."" ""Attribution is not required."" Not allowed: selling unaltered copies, implying endorsement by identifiable people or brands shown, or redistributing on other stock platforms. Readable brand logos are cropped or blurred.",2026-09-28,00:00.000,00:09.283,00:53.330,01:03.000,"picture, dimmed under the logo and end card"
narration,tts_edge,"Microsoft Azure neural text-to-speech voice en-US-GuyNeural (via the Edge Read Aloud service, edge-tts 7.x)",2026,"Microsoft (voice); edge-tts by rany2 (client, LGPL-3.0)",https://learn.microsoft.com/azure/ai-services/speech-service/language-support?tabs=tts,https://github.com/rany2/edge-tts,Synthetic voice; commercial use needs an Azure Speech subscription (see note),"The voice is Microsoft's. The free Edge Read Aloud endpoint that edge-tts calls is not licensed for commercial production; for a paid placement re-render the same voice and SSML through an Azure AI Speech resource (Speech service terms, ""you own the output""), or replace the lines with a recorded read (narration_recorded/<id>.wav is picked up automatically). Narration is disclosed as synthetic in CREDITS.md.",2026-09-28,00:00.000,00:02.020,00:00.350,00:02.370,narration line v01 (synthetic voice): “Everyone's talking about AI.”
narration,tts_edge,"Microsoft Azure neural text-to-speech voice en-US-GuyNeural (via the Edge Read Aloud service, edge-tts 7.x)",2026,"Microsoft (voice); edge-tts by rany2 (client, LGPL-3.0)",https://learn.microsoft.com/azure/ai-services/speech-service/language-support?tabs=tts,https://github.com/rany2/edge-tts,Synthetic voice; commercial use needs an Azure Speech subscription (see note),"The voice is Microsoft's. The free Edge Read Aloud endpoint that edge-tts calls is not licensed for commercial production; for a paid placement re-render the same voice and SSML through an Azure AI Speech resource (Speech service terms, ""you own the output""), or replace the lines with a recorded read (narration_recorded/<id>.wav is picked up automatically). Narration is disclosed as synthetic in CREDITS.md.",2026-09-28,00:00.000,00:02.280,00:03.000,00:05.280,narration line v02 (synthetic voice): “Nobody's talking about how it gets built.”
narration,tts_edge,"Microsoft Azure neural text-to-speech voice en-US-GuyNeural (via the Edge Read Aloud service, edge-tts 7.x)",2026,"Microsoft (voice); edge-tts by rany2 (client, LGPL-3.0)",https://learn.microsoft.com/azure/ai-services/speech-service/language-support?tabs=tts,https://github.com/rany2/edge-tts,Synthetic voice; commercial use needs an Azure Speech subscription (see note),"The voice is Microsoft's. The free Edge Read Aloud endpoint that edge-tts calls is not licensed for commercial production; for a paid placement re-render the same voice and SSML through an Azure AI Speech resource (Speech service terms, ""you own the output""), or replace the lines with a recorded read (narration_recorded/<id>.wav is picked up automatically). Narration is disclosed as synthetic in CREDITS.md.",2026-09-28,00:00.000,00:01.220,00:06.000,00:07.220,narration line v03 (synthetic voice): “Transformers. Switchgear. Chillers. Racks.”
narration,tts_edge,"Microsoft Azure neural text-to-speech voice en-US-GuyNeural (via the Edge Read Aloud service, edge-tts 7.x)",2026,"Microsoft (voice); edge-tts by rany2 (client, LGPL-3.0)",https://learn.microsoft.com/azure/ai-services/speech-service/language-support?tabs=tts,https://github.com/rany2/edge-tts,Synthetic voice; commercial use needs an Azure Speech subscription (see note),"The voice is Microsoft's. The free Edge Read Aloud endpoint that edge-tts calls is not licensed for commercial production; for a paid placement re-render the same voice and SSML through an Azure AI Speech resource (Speech service terms, ""you own the output""), or replace the lines with a recorded read (narration_recorded/<id>.wav is picked up automatically). Narration is disclosed as synthetic in CREDITS.md.",2026-09-28,00:00.000,00:01.000,00:07.330,00:08.330,narration line v03 (synthetic voice): “Transformers. Switchgear. Chillers. Racks.”
narration,tts_edge,"Microsoft Azure neural text-to-speech voice en-US-GuyNeural (via the Edge Read Aloud service, edge-tts 7.x)",2026,"Microsoft (voice); edge-tts by rany2 (client, LGPL-3.0)",https://learn.microsoft.com/azure/ai-services/speech-service/language-support?tabs=tts,https://github.com/rany2/edge-tts,Synthetic voice; commercial use needs an Azure Speech subscription (see note),"The voice is Microsoft's. The free Edge Read Aloud endpoint that edge-tts calls is not licensed for commercial production; for a paid placement re-render the same voice and SSML through an Azure AI Speech resource (Speech service terms, ""you own the output""), or replace the lines with a recorded read (narration_recorded/<id>.wav is picked up automatically). Narration is disclosed as synthetic in CREDITS.md.",2026-09-28,00:00.000,00:00.810,00:08.330,00:09.140,narration line v03 (synthetic voice): “Transformers. Switchgear. Chillers. Racks.”
narration,tts_edge,"Microsoft Azure neural text-to-speech voice en-US-GuyNeural (via the Edge Read Aloud service, edge-tts 7.x)",2026,"Microsoft (voice); edge-tts by rany2 (client, LGPL-3.0)",https://learn.microsoft.com/azure/ai-services/speech-service/language-support?tabs=tts,https://github.com/rany2/edge-tts,Synthetic voice; commercial use needs an Azure Speech subscription (see note),"The voice is Microsoft's. The free Edge Read Aloud endpoint that edge-tts calls is not licensed for commercial production; for a paid placement re-render the same voice and SSML through an Azure AI Speech resource (Speech service terms, ""you own the output""), or replace the lines with a recorded read (narration_recorded/<id>.wav is picked up automatically). Narration is disclosed as synthetic in CREDITS.md.",2026-09-28,00:00.000,00:00.780,00:09.330,00:10.110,narration line v03 (synthetic voice): “Transformers. Switchgear. Chillers. Racks.”
narration,tts_edge,"Microsoft Azure neural text-to-speech voice en-US-GuyNeural (via the Edge Read Aloud service, edge-tts 7.x)",2026,"Microsoft (voice); edge-tts by rany2 (client, LGPL-3.0)",https://learn.microsoft.com/azure/ai-services/speech-service/language-support?tabs=tts,https://github.com/rany2/edge-tts,Synthetic voice; commercial use needs an Azure Speech subscription (see note),"The voice is Microsoft's. The free Edge Read Aloud endpoint that edge-tts calls is not licensed for commercial production; for a paid placement re-render the same voice and SSML through an Azure AI Speech resource (Speech service terms, ""you own the output""), or replace the lines with a recorded read (narration_recorded/<id>.wav is picked up automatically). Narration is disclosed as synthetic in CREDITS.md.",2026-09-28,00:00.000,00:03.900,00:10.330,00:14.230,narration line v04 (synthetic voice): “Built on three continents. Needed on one site.”
narration,tts_edge,"Microsoft Azure neural text-to-speech voice en-US-GuyNeural (via the Edge Read Aloud service, edge-tts 7.x)",2026,"Microsoft (voice); edge-tts by rany2 (client, LGPL-3.0)",https://learn.microsoft.com/azure/ai-services/speech-service/language-support?tabs=tts,https://github.com/rany2/edge-tts,Synthetic voice; commercial use needs an Azure Speech subscription (see note),"The voice is Microsoft's. The free Edge Read Aloud endpoint that edge-tts calls is not licensed for commercial production; for a paid placement re-render the same voice and SSML through an Azure AI Speech resource (Speech service terms, ""you own the output""), or replace the lines with a recorded read (narration_recorded/<id>.wav is picked up automatically). Narration is disclosed as synthetic in CREDITS.md.",2026-09-28,00:00.000,00:02.730,00:14.330,00:17.060,"narration line v05 (synthetic voice): “One missing part, and a gigawatt sits dark.”"
narration,tts_edge,"Microsoft Azure neural text-to-speech voice en-US-GuyNeural (via the Edge Read Aloud service, edge-tts 7.x)",2026,"Microsoft (voice); edge-tts by rany2 (client, LGPL-3.0)",https://learn.microsoft.com/azure/ai-services/speech-service/language-support?tabs=tts,https://github.com/rany2/edge-tts,Synthetic voice; commercial use needs an Azure Speech subscription (see note),"The voice is Microsoft's. The free Edge Read Aloud endpoint that edge-tts calls is not licensed for commercial production; for a paid placement re-render the same voice and SSML through an Azure AI Speech resource (Speech service terms, ""you own the output""), or replace the lines with a recorded read (narration_recorded/<id>.wav is picked up automatically). Narration is disclosed as synthetic in CREDITS.md.",2026-09-28,00:00.000,00:01.810,00:18.000,00:19.810,narration line v06 (synthetic voice): “And AI is just the start.”
narration,tts_edge,"Microsoft Azure neural text-to-speech voice en-US-GuyNeural (via the Edge Read Aloud service, edge-tts 7.x)",2026,"Microsoft (voice); edge-tts by rany2 (client, LGPL-3.0)",https://learn.microsoft.com/azure/ai-services/speech-service/language-support?tabs=tts,https://github.com/rany2/edge-tts,Synthetic voice; commercial use needs an Azure Speech subscription (see note),"The voice is Microsoft's. The free Edge Read Aloud endpoint that edge-tts calls is not licensed for commercial production; for a paid placement re-render the same voice and SSML through an Azure AI Speech resource (Speech service terms, ""you own the output""), or replace the lines with a recorded read (narration_recorded/<id>.wav is picked up automatically). Narration is disclosed as synthetic in CREDITS.md.",2026-09-28,00:00.000,00:01.010,00:20.000,00:21.010,narration line v07 (synthetic voice): “Chip fabs. Power plants. Drone factories. Drug plants. Shipyards.”
narration,tts_edge,"Microsoft Azure neural text-to-speech voice en-US-GuyNeural (via the Edge Read Aloud service, edge-tts 7.x)",2026,"Microsoft (voice); edge-tts by rany2 (client, LGPL-3.0)",https://learn.microsoft.com/azure/ai-services/speech-service/language-support?tabs=tts,https://github.com/rany2/edge-tts,Synthetic voice; commercial use needs an Azure Speech subscription (see note),"The voice is Microsoft's. The free Edge Read Aloud endpoint that edge-tts calls is not licensed for commercial production; for a paid placement re-render the same voice and SSML through an Azure AI Speech resource (Speech service terms, ""you own the output""), or replace the lines with a recorded read (narration_recorded/<id>.wav is picked up automatically). Narration is disclosed as synthetic in CREDITS.md.",2026-09-28,00:00.000,00:01.080,00:21.050,00:22.130,narration line v07 (synthetic voice): “Chip fabs. Power plants. Drone factories. Drug plants. Shipyards.”
narration,tts_edge,"Microsoft Azure neural text-to-speech voice en-US-GuyNeural (via the Edge Read Aloud service, edge-tts 7.x)",2026,"Microsoft (voice); edge-tts by rany2 (client, LGPL-3.0)",https://learn.microsoft.com/azure/ai-services/speech-service/language-support?tabs=tts,https://github.com/rany2/edge-tts,Synthetic voice; commercial use needs an Azure Speech subscription (see note),"The voice is Microsoft's. The free Edge Read Aloud endpoint that edge-tts calls is not licensed for commercial production; for a paid placement re-render the same voice and SSML through an Azure AI Speech resource (Speech service terms, ""you own the output""), or replace the lines with a recorded read (narration_recorded/<id>.wav is picked up automatically). Narration is disclosed as synthetic in CREDITS.md.",2026-09-28,00:00.000,00:01.240,00:22.100,00:23.340,narration line v07 (synthetic voice): “Chip fabs. Power plants. Drone factories. Drug plants. Shipyards.”
narration,tts_edge,"Microsoft Azure neural text-to-speech voice en-US-GuyNeural (via the Edge Read Aloud service, edge-tts 7.x)",2026,"Microsoft (voice); edge-tts by rany2 (client, LGPL-3.0)",https://learn.microsoft.com/azure/ai-services/speech-service/language-support?tabs=tts,https://github.com/rany2/edge-tts,Synthetic voice; commercial use needs an Azure Speech subscription (see note),"The voice is Microsoft's. The free Edge Read Aloud endpoint that edge-tts calls is not licensed for commercial production; for a paid placement re-render the same voice and SSML through an Azure AI Speech resource (Speech service terms, ""you own the output""), or replace the lines with a recorded read (narration_recorded/<id>.wav is picked up automatically). Narration is disclosed as synthetic in CREDITS.md.",2026-09-28,00:00.000,00:01.060,00:23.400,00:24.460,narration line v07 (synthetic voice): “Chip fabs. Power plants. Drone factories. Drug plants. Shipyards.”
narration,tts_edge,"Microsoft Azure neural text-to-speech voice en-US-GuyNeural (via the Edge Read Aloud service, edge-tts 7.x)",2026,"Microsoft (voice); edge-tts by rany2 (client, LGPL-3.0)",https://learn.microsoft.com/azure/ai-services/speech-service/language-support?tabs=tts,https://github.com/rany2/edge-tts,Synthetic voice; commercial use needs an Azure Speech subscription (see note),"The voice is Microsoft's. The free Edge Read Aloud endpoint that edge-tts calls is not licensed for commercial production; for a paid placement re-render the same voice and SSML through an Azure AI Speech resource (Speech service terms, ""you own the output""), or replace the lines with a recorded read (narration_recorded/<id>.wav is picked up automatically). Narration is disclosed as synthetic in CREDITS.md.",2026-09-28,00:00.000,00:00.940,00:24.450,00:25.390,narration line v07 (synthetic voice): “Chip fabs. Power plants. Drone factories. Drug plants. Shipyards.”
narration,tts_edge,"Microsoft Azure neural text-to-speech voice en-US-GuyNeural (via the Edge Read Aloud service, edge-tts 7.x)",2026,"Microsoft (voice); edge-tts by rany2 (client, LGPL-3.0)",https://learn.microsoft.com/azure/ai-services/speech-service/language-support?tabs=tts,https://github.com/rany2/edge-tts,Synthetic voice; commercial use needs an Azure Speech subscription (see note),"The voice is Microsoft's. The free Edge Read Aloud endpoint that edge-tts calls is not licensed for commercial production; for a paid placement re-render the same voice and SSML through an Azure AI Speech resource (Speech service terms, ""you own the output""), or replace the lines with a recorded read (narration_recorded/<id>.wav is picked up automatically). Narration is disclosed as synthetic in CREDITS.md.",2026-09-28,00:00.000,00:02.030,00:25.500,00:27.530,narration line v08 (synthetic voice): “The biggest build in a generation.”
narration,tts_edge,"Microsoft Azure neural text-to-speech voice en-US-GuyNeural (via the Edge Read Aloud service, edge-tts 7.x)",2026,"Microsoft (voice); edge-tts by rany2 (client, LGPL-3.0)",https://learn.microsoft.com/azure/ai-services/speech-service/language-support?tabs=tts,https://github.com/rany2/edge-tts,Synthetic voice; commercial use needs an Azure Speech subscription (see note),"The voice is Microsoft's. The free Edge Read Aloud endpoint that edge-tts calls is not licensed for commercial production; for a paid placement re-render the same voice and SSML through an Azure AI Speech resource (Speech service terms, ""you own the output""), or replace the lines with a recorded read (narration_recorded/<id>.wav is picked up automatically). Narration is disclosed as synthetic in CREDITS.md.",2026-09-28,00:00.000,00:02.310,00:28.000,00:30.310,narration line v09 (synthetic voice): “It goes to whoever builds fastest.”
narration,tts_edge,"Microsoft Azure neural text-to-speech voice en-US-GuyNeural (via the Edge Read Aloud service, edge-tts 7.x)",2026,"Microsoft (voice); edge-tts by rany2 (client, LGPL-3.0)",https://learn.microsoft.com/azure/ai-services/speech-service/language-support?tabs=tts,https://github.com/rany2/edge-tts,Synthetic voice; commercial use needs an Azure Speech subscription (see note),"The voice is Microsoft's. The free Edge Read Aloud endpoint that edge-tts calls is not licensed for commercial production; for a paid placement re-render the same voice and SSML through an Azure AI Speech resource (Speech service terms, ""you own the output""), or replace the lines with a recorded read (narration_recorded/<id>.wav is picked up automatically). Narration is disclosed as synthetic in CREDITS.md.",2026-09-28,00:00.000,00:02.350,00:31.000,00:33.350,narration line v10 (synthetic voice): “And nothing gets built until it arrives.”
narration,tts_edge,"Microsoft Azure neural text-to-speech voice en-US-GuyNeural (via the Edge Read Aloud service, edge-tts 7.x)",2026,"Microsoft (voice); edge-tts by rany2 (client, LGPL-3.0)",https://learn.microsoft.com/azure/ai-services/speech-service/language-support?tabs=tts,https://github.com/rany2/edge-tts,Synthetic voice; commercial use needs an Azure Speech subscription (see note),"The voice is Microsoft's. The free Edge Read Aloud endpoint that edge-tts calls is not licensed for commercial production; for a paid placement re-render the same voice and SSML through an Azure AI Speech resource (Speech service terms, ""you own the output""), or replace the lines with a recorded read (narration_recorded/<id>.wav is picked up automatically). Narration is disclosed as synthetic in CREDITS.md.",2026-09-28,00:00.000,00:02.340,00:34.000,00:36.340,narration line v11 (synthetic voice): “Logistics used to be the back office.”
narration,tts_edge,"Microsoft Azure neural text-to-speech voice en-US-GuyNeural (via the Edge Read Aloud service, edge-tts 7.x)",2026,"Microsoft (voice); edge-tts by rany2 (client, LGPL-3.0)",https://learn.microsoft.com/azure/ai-services/speech-service/language-support?tabs=tts,https://github.com/rany2/edge-tts,Synthetic voice; commercial use needs an Azure Speech subscription (see note),"The voice is Microsoft's. The free Edge Read Aloud endpoint that edge-tts calls is not licensed for commercial production; for a paid placement re-render the same voice and SSML through an Azure AI Speech resource (Speech service terms, ""you own the output""), or replace the lines with a recorded read (narration_recorded/<id>.wav is picked up automatically). Narration is disclosed as synthetic in CREDITS.md.",2026-09-28,00:00.000,00:01.431,00:37.000,00:38.431,narration line v12 (synthetic voice): “Now it's the front line.”
narration,tts_edge,"Microsoft Azure neural text-to-speech voice en-US-GuyNeural (via the Edge Read Aloud service, edge-tts 7.x)",2026,"Microsoft (voice); edge-tts by rany2 (client, LGPL-3.0)",https://learn.microsoft.com/azure/ai-services/speech-service/language-support?tabs=tts,https://github.com/rany2/edge-tts,Synthetic voice; commercial use needs an Azure Speech subscription (see note),"The voice is Microsoft's. The free Edge Read Aloud endpoint that edge-tts calls is not licensed for commercial production; for a paid placement re-render the same voice and SSML through an Azure AI Speech resource (Speech service terms, ""you own the output""), or replace the lines with a recorded read (narration_recorded/<id>.wav is picked up automatically). Narration is disclosed as synthetic in CREDITS.md.",2026-09-28,00:00.000,00:00.630,00:40.000,00:40.630,narration line v13 (synthetic voice): “Air. Ocean. Ground. Customs.”
narration,tts_edge,"Microsoft Azure neural text-to-speech voice en-US-GuyNeural (via the Edge Read Aloud service, edge-tts 7.x)",2026,"Microsoft (voice); edge-tts by rany2 (client, LGPL-3.0)",https://learn.microsoft.com/azure/ai-services/speech-service/language-support?tabs=tts,https://github.com/rany2/edge-tts,Synthetic voice; commercial use needs an Azure Speech subscription (see note),"The voice is Microsoft's. The free Edge Read Aloud endpoint that edge-tts calls is not licensed for commercial production; for a paid placement re-render the same voice and SSML through an Azure AI Speech resource (Speech service terms, ""you own the output""), or replace the lines with a recorded read (narration_recorded/<id>.wav is picked up automatically). Narration is disclosed as synthetic in CREDITS.md.",2026-09-28,00:00.000,00:00.750,00:40.670,00:41.420,narration line v13 (synthetic voice): “Air. Ocean. Ground. Customs.”
narration,tts_edge,"Microsoft Azure neural text-to-speech voice en-US-GuyNeural (via the Edge Read Aloud service, edge-tts 7.x)",2026,"Microsoft (voice); edge-tts by rany2 (client, LGPL-3.0)",https://learn.microsoft.com/azure/ai-services/speech-service/language-support?tabs=tts,https://github.com/rany2/edge-tts,Synthetic voice; commercial use needs an Azure Speech subscription (see note),"The voice is Microsoft's. The free Edge Read Aloud endpoint that edge-tts calls is not licensed for commercial production; for a paid placement re-render the same voice and SSML through an Azure AI Speech resource (Speech service terms, ""you own the output""), or replace the lines with a recorded read (narration_recorded/<id>.wav is picked up automatically). Narration is disclosed as synthetic in CREDITS.md.",2026-09-28,00:00.000,00:00.670,00:41.420,00:42.090,narration line v13 (synthetic voice): “Air. Ocean. Ground. Customs.”
narration,tts_edge,"Microsoft Azure neural text-to-speech voice en-US-GuyNeural (via the Edge Read Aloud service, edge-tts 7.x)",2026,"Microsoft (voice); edge-tts by rany2 (client, LGPL-3.0)",https://learn.microsoft.com/azure/ai-services/speech-service/language-support?tabs=tts,https://github.com/rany2/edge-tts,Synthetic voice; commercial use needs an Azure Speech subscription (see note),"The voice is Microsoft's. The free Edge Read Aloud endpoint that edge-tts calls is not licensed for commercial production; for a paid placement re-render the same voice and SSML through an Azure AI Speech resource (Speech service terms, ""you own the output""), or replace the lines with a recorded read (narration_recorded/<id>.wav is picked up automatically). Narration is disclosed as synthetic in CREDITS.md.",2026-09-28,00:00.000,00:00.910,00:42.120,00:43.030,narration line v13 (synthetic voice): “Air. Ocean. Ground. Customs.”
narration,tts_edge,"Microsoft Azure neural text-to-speech voice en-US-GuyNeural (via the Edge Read Aloud service, edge-tts 7.x)",2026,"Microsoft (voice); edge-tts by rany2 (client, LGPL-3.0)",https://learn.microsoft.com/azure/ai-services/speech-service/language-support?tabs=tts,https://github.com/rany2/edge-tts,Synthetic voice; commercial use needs an Azure Speech subscription (see note),"The voice is Microsoft's. The free Edge Read Aloud endpoint that edge-tts calls is not licensed for commercial production; for a paid placement re-render the same voice and SSML through an Azure AI Speech resource (Speech service terms, ""you own the output""), or replace the lines with a recorded read (narration_recorded/<id>.wav is picked up automatically). Narration is disclosed as synthetic in CREDITS.md.",2026-09-28,00:00.000,00:01.200,00:43.330,00:44.530,narration line v14 (synthetic voice): “Built for the build.”
narration,tts_edge,"Microsoft Azure neural text-to-speech voice en-US-GuyNeural (via the Edge Read Aloud service, edge-tts 7.x)",2026,"Microsoft (voice); edge-tts by rany2 (client, LGPL-3.0)",https://learn.microsoft.com/azure/ai-services/speech-service/language-support?tabs=tts,https://github.com/rany2/edge-tts,Synthetic voice; commercial use needs an Azure Speech subscription (see note),"The voice is Microsoft's. The free Edge Read Aloud endpoint that edge-tts calls is not licensed for commercial production; for a paid placement re-render the same voice and SSML through an Azure AI Speech resource (Speech service terms, ""you own the output""), or replace the lines with a recorded read (narration_recorded/<id>.wav is picked up automatically). Narration is disclosed as synthetic in CREDITS.md.",2026-09-28,00:00.000,00:00.890,00:53.400,00:54.290,narration line v15 (synthetic voice): “Volume.”
music,mus_uprising,Uprising,2024-07,Scott Buckley (scottbuckley.com.au),https://www.scottbuckley.com.au/library/uprising/,https://www.scottbuckley.com.au/library/wp-content/uploads/2024/07/Uprising.mp3,CC BY 4.0 (commercial use allowed with attribution),"Track page: ""This work is licensed under a Creative Commons Attribution 4.0 International License; meaning it's free for use in any project (including commercial) as long as I'm credited. For YouTube videos, credits must appear in the video description."" Licensing page: ""If you cannot provide an attribution as part of the project (for instance, use in advertising which doesn't permit attribution), the CC BY license does not apply"" (buy a Web/Standard license for those placements).",2026-09-28,00:25.665,00:44.332,00:00.000,00:18.667,music: opening build (track 0:25.7-0:44.3)
music,mus_uprising,Uprising,2024-07,Scott Buckley (scottbuckley.com.au),https://www.scottbuckley.com.au/library/uprising/,https://www.scottbuckley.com.au/library/wp-content/uploads/2024/07/Uprising.mp3,CC BY 4.0 (commercial use allowed with attribution),"Track page: ""This work is licensed under a Creative Commons Attribution 4.0 International License; meaning it's free for use in any project (including commercial) as long as I'm credited. For YouTube videos, credits must appear in the video description."" Licensing page: ""If you cannot provide an attribution as part of the project (for instance, use in advertising which doesn't permit attribution), the CC BY license does not apply"" (buy a Web/Standard license for those placements).",2026-09-28,01:32.320,02:12.320,00:18.667,00:58.667,"music: lift, break under the closing lines, hit on the logo (track 1:32.3-2:12.3)"
music,mus_uprising,Uprising,2024-07,Scott Buckley (scottbuckley.com.au),https://www.scottbuckley.com.au/library/uprising/,https://www.scottbuckley.com.au/library/wp-content/uploads/2024/07/Uprising.mp3,CC BY 4.0 (commercial use allowed with attribution),"Track page: ""This work is licensed under a Creative Commons Attribution 4.0 International License; meaning it's free for use in any project (including commercial) as long as I'm credited. For YouTube videos, credits must appear in the video description."" Licensing page: ""If you cannot provide an attribution as part of the project (for instance, use in advertising which doesn't permit attribution), the CC BY license does not apply"" (buy a Web/Standard license for those placements).",2026-09-28,03:14.030,03:18.363,00:58.667,01:03.000,music: final chord ringing out (track 3:14.0-3:18.4)
